state,election,year,D,R,T
Delaware,Gubernatorial,2012,Jack Markell,Jeff Cragg,Mark Perri
Indiana,Gubernatorial,2012,John Gregg,Mike Pence,Rupert Boneham
Kentucky,Gubernatorial,2012,Steve Beshear,David Williams,Gatewood Galbraith
Louisiana,Gubernatorial,2012,Tara Hollis,Bobby Jindal,
Mississippi,Gubernatorial,2012,Johnny DuPree,Phil Bryant,
Missouri,Gubernatorial,2012,Jay Nixon,Dave Spence,Jim Higgins
Montana,Gubernatorial,2012,Steve Bullock,Rick Hill,Ron Vandevender
New Hampshire,Gubernatorial,2012,Maggie Hassan,Ovide Lamontagne,John Babiarz
North Carolina,Gubernatorial,2012,Walter Dalton,Pat McCrory,Barbara Howe
North Dakota,Gubernatorial,2012,Ryan Taylor,Jack Dalrymple,Paul Sorum
Utah,Gubernatorial,2012,Peter Cooke,Gary Herbert,Ken Larsen
Vermont,Gubernatorial,2012,Peter Shumlin,Randy Brock,Emily Peyton
Washington,Gubernatorial,2012,Jay Inslee,Rob McKenna,
West Virginia,Gubernatorial,2012,Earl Ray Tomblin,Bill Maloney,Jesse Johnson
Wisconsin,Gubernatorial,2012,Tom Barrett,Scott Walker,
Alabama,Gubernatorial,2014,Parker Griffith,Robert Bentley,
Alaska,Gubernatorial,2014,,Sean Parnell,Bill Walker
Arizona,Gubernatorial,2014,Fred DuVal,Doug Ducey,John Mealer
Arkansas,Gubernatorial,2014,Mike Ross,Asa Hutchinson,Josh Drake
California,Gubernatorial,2014,Jerry Brown,Neel Kashkari,
Colorado,Gubernatorial,2014,John Hickenlooper,Bob Beauprez,Matthew Hess
Connecticut,Gubernatorial,2014,Dan Malloy,Tom Foley,Joe Visconti
Florida,Gubernatorial,2014,Charlie Crist,Rick Scott,Adrian Wyllie
Georgia,Gubernatorial,2014,Jason Carter,Nathan Deal,Andrew Hunt
Hawaii,Gubernatorial,2014,David Ige,Duke Aiona,Mufi Hannemann
Idaho,Gubernatorial,2014,A.J. Balukoff,Butch Otter,Steve Pankey
Illinois,Gubernatorial,2014,Pat Quinn,Bruce Rauner,Chad Grimm
Iowa,Gubernatorial,2014,Jack Hatch,Terry Branstad,Lee Hieb
Kansas,Gubernatorial,2014,Paul Davis,Sam Brownback,Keen Umbehr
Maine,Gubernatorial,2014,Mike Michaud,Paul LePage,Eliot Cutler
Maryland,Gubernatorial,2014,Anthony Brown,Larry Hogan,Shawn Quinn
Massachusetts,Gubernatorial,2014,Martha Coakley,Charlie Baker,Evan Falchuk
Michigan,Gubernatorial,2014,Mark Schauer,Rick Snyder,Mary Buzuma
Minnesota,Gubernatorial,2014,Mark Dayton,Jeff Johnson,Hannah Nicollet
Nebraska,Gubernatorial,2014,Chuck Hassebrook,Pete Ricketts,Mark Elworth
Nevada,Gubernatorial,2014,Robert Goodman,Brian Sandoval,David VanDerBeek
New Hampshire,Gubernatorial,2014,Maggie Hassan,Walt Havenstein,
New Jersey,Gubernatorial,2014,Barbara Buono,Chris Christie,
New Mexico,Gubernatorial,2014,Gary King,Susana Martinez,
New York,Gubernatorial,2014,Andrew Cuomo,Rob Astorino,Howie Hawkins
Ohio,Gubernatorial,2014,Ed FitzGerald,John Kasich,Anita Rios
Oklahoma,Gubernatorial,2014,Joe Dorman,Mary Fallin,Richard Prawdzienski
Oregon,Gubernatorial,2014,John Kitzhaber,Dennis Richardson,Paul Grad
Pennsylvania,Gubernatorial,2014,Tom Wolf,Tom Corbett,
Rhode Island,Gubernatorial,2014,Gina Raimondo,Allan Fung,Bob Healey
South Carolina,Gubernatorial,2014,Vincent Sheheen,Nikki Haley,Steve French
South Dakota,Gubernatorial,2014,Susan Wismer,Dennis Daugaard,Mike Myers
Tennessee,Gubernatorial,2014,Charlie Brown,Bill Haslam,John Jay Hooker
Texas,Gubernatorial,2014,Wendy Davis,Greg Abbott,Brandon Parmer
Vermont,Gubernatorial,2014,Peter Shumlin,Scott Milne,Dan Feliciano
Virginia,Gubernatorial,2014,Terry McAuliffe,Ken Cuccinelli,Robert Sarvis
Wisconsin,Gubernatorial,2014,Mary Burke,Scott Walker,Robert Burke
Wyoming,Gubernatorial,2014,Pete Gosar,Matt Mead,Don Wills
Oregon 1,House,2012,Suzanne Bonamici,Rob Cornilles,
Arizona 8,House,2012,Ron Barber,Jesse Kelly,Charlie Manolakis
Alabama 1,House,2012,,Jo Bonner,
Alabama 2,House,2012,Therese Ford,Martha Roby,
Alabama 3,House,2012,John Andrew Harris,Mike Rogers,
Alabama 4,House,2012,Daniel Boman,Robert Aderholt,
Alabama 5,House,2012,Charlie Holley,Mo Brooks,
Alabama 6,House,2012,Penny Bailey,Spencer Bachus,
Alabama 7,House,2012,Terri Sewell,Don Chamberlain,
Alaska 1,House,2012,Sharon Cissna,Don Young,"Jim McDermott,Ted Gianoutsos"
Arizona 1,House,2012,Ann Kirkpatrick,Jonathan Paton,Kim Allen
Arizona 2,House,2012,Ron Barber,Martha McSally,Anthony Powell
Arizona 3,House,2012,Raul Grijalva,Gabriela Saucedo Mercer,Blanca Guerra
Arizona 4,House,2012,Johnnie Robinson,Paul Gosar,"Joe Pamelia,Richard Grayson"
Arizona 5,House,2012,Spencer Morgan,Matt Salmon,
Arizona 6,House,2012,Matt Jette,David Schweikert,"Jack Anderson,M. Salazar"
Arizona 7,House,2012,Ed Pastor,,Joe Cobb
Arizona 8,House,2012,Gene Scharer,Trent Franks,Stephen Dolgos
Arizona 9,House,2012,Kyrsten Sinema,Vernon Parker,Powell Gammill
Arkansas 1,House,2012,Scott Ellington,Rick Crawford,"Jessica Paxton,Jacob Holloway"
Arkansas 2,House,2012,Herb Rule,Timothy Griffin,"Barbara Ward,Chris Hayes"
Arkansas 3,House,2012,,Steve Womack,"Rebekah Kennedy,David Pangrac"
Arkansas 4,House,2012,Gene Jeffress,Tom Cotton,"Josh Drake,Bobby Tullis"
California 1,House,2012,Jim Reed,Doug LaMalfa,
California 2,House,2012,Jared Huffman,Daniel Roberts,
California 3,House,2012,John Garamendi,Kim Vann,
California 4,House,2012,Jack Uppal,Tom McClintock,
California 5,House,2012,Mike Thompson,Randy Loftin,
California 6,House,2012,Doris Matsui,Joseph McCray,
California 7,House,2012,Ami Bera,Dan Lungren,
California 8,House,2012,,"Paul Cook,Gregg Imus",
California 9,House,2012,Jerry McNerney,Ricky Gill,
California 10,House,2012,Jose Hernandez,Jeff Denham,
California 11,House,2012,George Miller,Virginia Fuller,
California 12,House,2012,Nancy Pelosi,John Dennis,
California 13,House,2012,Barbara Lee,,Marilyn Singleton
California 14,House,2012,Jackie Speier,Deborah Bacigalupi,
California 15,House,2012,"Eric Swalwell,Pete Stark",,
California 16,House,2012,Jim Costa,Brian Whelan,
California 17,House,2012,Mike Honda,Evelyn Li,
California 18,House,2012,Anna Eshoo,Dave Chapman,
California 19,House,2012,Zoe Lofgren,Robert Murray,
California 20,House,2012,Sam Farr,Jeff Taylor,
California 21,House,2012,John Hernandez,David Valadao,
California 22,House,2012,Otto Lee,Devin Nunes,
California 23,House,2012,,Kevin McCarthy,Terry Phillips
California 24,House,2012,Lois Capps,Abel Maldonado,
California 25,House,2012,Lee Rogers,Howard McKeon,
California 26,House,2012,Julia Brownley,Tony Strickland,
California 27,House,2012,Judy Chu,Jack Orswell,
California 28,House,2012,Adam Schiff,Phil Jennerjahn,
California 29,House,2012,Tony Cardenas,,David Hernandez
California 30,House,2012,"Brad Sherman,Howard Berman",,
California 31,House,2012,,"Gary Miller,Robert Dutton",
California 32,House,2012,Grace Napolitano,David Miller,
California 33,House,2012,Henry Waxman,,Bill Bloomfield
California 34,House,2012,Xavier Becerra,Stephen Smith,
California 35,House,2012,"Gloria Negrete McLeod,Joe Baca",,
California 36,House,2012,Raul Ruiz,Mary Bono Mack,
California 37,House,2012,Karen Bass,Morgan Osborne,
California 38,House,2012,Linda Sanchez,Benjamin Campos,
California 39,House,2012,Jay Chen,Ed Royce,
California 40,House,2012,"Lucille Roybal-Allard,David Sanchez",,
California 41,House,2012,Mark Takano,John Tavaglione,
California 42,House,2012,Michael Williamson,Ken Calvert,
California 43,House,2012,"Maxine Waters,Bob Flores",,
California 44,House,2012,"Janice Hahn,Laura Richardson",,
California 45,House,2012,Sukhee Kang,John Campbell,
California 46,House,2012,Loretta Sanchez,Jerry Hayden,
California 47,House,2012,Alan Lowenthal,Gary DeLong,
California 48,House,2012,Ron Varasteh,Dana Rohrabacher,
California 49,House,2012,Jerry Tetalman,Darrell Issa,
California 50,House,2012,David Secor,Duncan Hunter,
California 51,House,2012,Juan Vargas,Michael Crimmins,
California 52,House,2012,Scott Peters,Brian Bilbray,
California 53,House,2012,Susan Davis,Nick Popaditch,
Colorado 1,House,2012,Diana DeGette,Danny Stroud,"Frank Atwood,Gary Swing"
Colorado 2,House,2012,Jared Polis,Kevin Lundberg,"Randy Luallin,Susan Hall"
Colorado 3,House,2012,Sal Pace,Scott Tipton,"Tisha Casida,Gregory Gilman"
Colorado 4,House,2012,Brandon Shaffer,Cory Gardner,"Josh Gilliland,Doug Aden"
Colorado 5,House,2012,,Doug Lamborn,"Dave Anderson,Jim Pirtle,Misha Luzov,Ken Harvell"
Colorado 6,House,2012,Joe Miklosi,Mike Coffman,"Kathy Polhemus,Patrick Provost"
Colorado 7,House,2012,Ed Perlmutter,Joe Coors,"Doug Campbell,Buck Bailey"
Connecticut 1,House,2012,John Larson,John Henry Decker,"Mike Derosa,Matthew Corey"
Connecticut 2,House,2012,Joe Courtney,Paul Formica,"Colin Bennett,Dan Reale"
Connecticut 3,House,2012,Rosa DeLauro,Wayne Winsley,
Connecticut 4,House,2012,Jim Himes,Steve Obsitnik,
Connecticut 5,House,2012,Elizabeth Esty,Andrew Roraback,John Pistone
Delaware 1,House,2012,John Carney,Tom Kovach,"Bernard August,Scott Gesty"
Florida 1,House,2012,Jim Bryan,Jeff Miller,Calen Fretts
Florida 2,House,2012,Al Lawson,Steve Southerland,
Florida 3,House,2012,J.R. Gaillot,Ted Yoho,Phil Dodds
Florida 4,House,2012,,Ander Crenshaw,Jim Klauder
Florida 5,House,2012,Corrine Brown,LeAnne Kolb,Eileen Fleming
Florida 6,House,2012,Heather Beaven,Ron DeSantis,
Florida 7,House,2012,Jason Kendall,John Mica,
Florida 8,House,2012,Shannon Roberts,Bill Posey,Richard Gillmor
Florida 9,House,2012,Alan Grayson,Todd Long,"Mike Nieves,Roberto Sanchez"
Florida 10,House,2012,Val Demings,Dan Webster,
Florida 11,House,2012,Dave Werder,Rich Nugent,
Florida 12,House,2012,Jonathan Michael Snow,Gus Bilirakis,"John Russell,Paul Elliot"
Florida 13,House,2012,Jessica Ehrlich,Bill Young,
Florida 14,House,2012,Kathy Castor,E.J. Otero,Bill Kee
Florida 15,House,2012,,Dennis Ross,
Florida 16,House,2012,Keith Fitzgerald,Vern Buchanan,
Florida 17,House,2012,Will Bronson,Tom Rooney,
Florida 18,House,2012,Patrick Murphy,Allen West,
Florida 19,House,2012,James Roach,Trey Radel,Brandon Smith
Florida 20,House,2012,Alcee Hastings,,Randall Terry
Florida 21,House,2012,Ted Deutch,,"Mike Trout,Cesar Henao"
Florida 22,House,2012,Lois Frankel,Adam Hasner,
Florida 23,House,2012,Debbie Wasserman Schultz,Karen Harrington,Ilya Katz
Florida 24,House,2012,Frederica Wilson,,
Florida 25,House,2012,,Mario Diaz-Balart,Stanley Blumenthal
Florida 26,House,2012,Joe Garcia,David Rivera,"Angel Fernandez,Jose Peixoto"
Florida 27,House,2012,Manny Yevancy,Ileana Ros-Lehtinen,Thomas Cruz-Wiggins
Georgia 1,House,2012,Lesli Messinger,Jack Kingston,
Georgia 2,House,2012,Sanford Bishop,John House,
Georgia 3,House,2012,,Lynn Westmoreland,
Georgia 4,House,2012,Hank Johnson,Chris Vaughn,
Georgia 5,House,2012,John Lewis,Howard Stopeck,
Georgia 6,House,2012,Jeff Kazanow,Tom Price,
Georgia 7,House,2012,Steve Reilly,Rob Woodall,
Georgia 8,House,2012,,Austin Scott,
Georgia 9,House,2012,Jody Cooley,Doug Collins,
Georgia 10,House,2012,,Paul Broun,
Georgia 11,House,2012,Patrick Thompson,Phil Gingrey,
Georgia 12,House,2012,John Barrow,Lee Anderson,
Georgia 13,House,2012,David Scott,Shahid Malik,
Georgia 14,House,2012,Daniel Grant,Tom Graves,
Hawaii 1,House,2012,Colleen Hanabusa,Charles Djou,
Hawaii 2,House,2012,Tulsi Gabbard,Kawika Crowley,Pat Brock
Idaho 1,House,2012,Jimmy Farris,Raul Labrador,"Rob Oates,Pro-Life"
Idaho 2,House,2012,Nicole LeFavour,Mike Simpson,
Illinois 1,House,2012,Bobby Rush,Donald Peloquin,
Illinois 2,House,2012,Jesse Jackson,Brian Woodworth,Marcus Lewis
Illinois 3,House,2012,Dan Lipinski,Richard Grabowski,
Illinois 4,House,2012,Luis Gutierrez,Hector Concepcion,
Illinois 5,House,2012,Mike Quigley,Dan Schmitt,Nancy Wade
Illinois 6,House,2012,Leslie Coolidge,Peter Roskam,
Illinois 7,House,2012,Danny Davis,Rita Zak,John Monaghan
Illinois 8,House,2012,Tammy Duckworth,Joe Walsh,
Illinois 9,House,2012,Jan Schakowsky,Tim Wolfe,
Illinois 10,House,2012,Brad Schneider,Robert Dold,
Illinois 11,House,2012,Bill Foster,Judy Biggert,
Illinois 12,House,2012,William Enyart,Jason Plummer,Paula Bradshaw
Illinois 13,House,2012,David Gill,Rodney Davis,John Hartman
Illinois 14,House,2012,Dennis Anderson,Randy Hultgren,
Illinois 15,House,2012,Angela Michael,John Shimkus,
Illinois 16,House,2012,Wanda Rohl,Adam Kinzinger,
Illinois 17,House,2012,Cheri Bustos,Bobby Schilling,
Illinois 18,House,2012,Steve Waterworth,Aaron Schock,
Indiana 1,House,2012,Peter Visclosky,Joel Phelps,
Indiana 2,House,2012,Brendan Mullen,Jackie Walorski,Joe Ruiz
Indiana 3,House,2012,Kevin Boyd,Marlin Stutzman,
Indiana 4,House,2012,Tara Nelson,Todd Rokita,Benjamin Gehlhausen
Indiana 5,House,2012,Scott Reske,Susan Brooks,Chard Reid
Indiana 6,House,2012,Brad Bookout,Luke Messer,Rex Bell
Indiana 7,House,2012,Andre Carson,Carlos May,
Indiana 8,House,2012,Dave Crooks,Larry Bucshon,Bart Gadau
Indiana 9,House,2012,Shelli Yoder,Todd Young,
Iowa 1,House,2012,Bruce Braley,Ben Lange,Greg Hughes
Iowa 2,House,2012,David Loebsack,John Archer,Alan Aversa
Iowa 3,House,2012,Leonard Boswell,Tom Latham,"Scott Batcher,David Rosenfield"
Iowa 4,House,2012,Christie Vilsack,Steve King,Martin James Monroe
Kansas 1,House,2012,,Tim Huelskamp,
Kansas 2,House,2012,Tobias Schlingensiepen,Lynn Jenkins,Dennis Hawver
Kansas 3,House,2012,,Kevin Yoder,Joel Balam
Kansas 4,House,2012,Robert Tillman,Mike Pompeo,Thomas Jefferson
Kentucky 1,House,2012,Charles Hatchett,Ed Whitfield,
Kentucky 2,House,2012,David Williams,Brett Guthrie,"Andrew Beacham,Craig Astor"
Kentucky 3,House,2012,John Yarmuth,Brooks Wicker,Robert DeVore
Kentucky 4,House,2012,Bill Adkins,Thomas Massie,David Lewis
Kentucky 5,House,2012,Ken Stepp,Hal Rogers,
Kentucky 6,House,2012,Ben Chandler,Andy Barr,Randolph Vance
Louisiana 1,House,2012,M.V. Mendoza,"Steve Scalise,Gary King","David Turknett,Arden Wells"
Louisiana 2,House,2012,"Cedric Richmond,Gary Landrieu","Dwayne Bailey,Josue Larose",Caleb Trotter
Louisiana 3,House,2012,,"Charles Boustany,Jeff Landry",
Louisiana 4,House,2012,,John Fleming,Randall Lord
Louisiana 5,House,2012,,Rodney Alexander,"Ron Caesar,Clay Grant"
Louisiana 6,House,2012,,Bill Cassidy,"Rufus Holt Craig,Richard Torregano"
Maine 1,House,2012,Chellie Pingree,Jon Courtney,
Maine 2,House,2012,Mike Michaud,Kevin Raye,
Maryland 1,House,2012,Wendy Rosen,Andrew Harris,"John LaFerla,Muir Boda"
Maryland 2,House,2012,Dutch Ruppersberger,Nancy Jacobs,Leo Dymowski
Maryland 3,House,2012,John Sarbanes,Eric Knowles,Paul Drgos
Maryland 4,House,2012,Donna Edwards,Faith Loudon,Scott Soffen
Maryland 5,House,2012,Steny Hoyer,Tony O'Donnell,"Bob Auerbach,Arvin Vohra,Jeremy Stinson"
Maryland 6,House,2012,John Delaney,Roscoe Bartlett,Nicklaus Mueller
Maryland 7,House,2012,Elijah Cummings,Frank Mirabile,"Ronald Owens-Bey,Robert Brookman"
Maryland 8,House,2012,Chris Van Hollen,Ken Timmerman,"Mark Grannis,George Gluck"
Massachusetts 1,House,2012,Richard Neal,,
Massachusetts 2,House,2012,Jim McGovern,,
Massachusetts 3,House,2012,Niki Tsongas,Jon Golnik,
Massachusetts 4,House,2012,Joseph Kennedy III,Sean Bielat,
Massachusetts 5,House,2012,Ed Markey,Tom Tierney,
Massachusetts 6,House,2012,John Tierney,Richard Tisei,Daniel Fishman
Massachusetts 7,House,2012,Mike Capuano,,Karla Romero
Massachusetts 8,House,2012,Stephen Lynch,Joe Selvaggi,
Massachusetts 9,House,2012,William Keating,Christopher Sheldon,Daniel Botelho
Michigan 1,House,2012,Gary McDowell,Dan Benishek,"Emily Salvette,Ellis Boal"
Michigan 2,House,2012,Willie German,Bill Huizenga,"Mary Buzuma,William Opalicky"
Michigan 3,House,2012,Steve Pestka,Justin Amash,Bill Gelineau
Michigan 4,House,2012,Debra Freidell Wirth,David Camp,"John Gelineau,George Zimmer,Pat Timmons"
Michigan 5,House,2012,Dan Kildee,Jim Slezak,"David Davenport,Greg Creswell"
Michigan 6,House,2012,Mike O'Brien,Fred Upton,"Christie Gelineau,Jason Gatties"
Michigan 7,House,2012,Kurt Haskell,Tim Walberg,"Ken Proctor,Richard Wunsch"
Michigan 8,House,2012,Lance Enderle,Mike Rogers,"Daniel Goebel,Preston Brooks"
Michigan 9,House,2012,Sander Levin,Don Volaric,"Jim Fulner,Julia Williams,Lester Townsend"
Michigan 10,House,2012,Chuck Stadler,Candice Miller,Baghwan Dashairya
Michigan 11,House,2012,David Curson,Kerry Bentivolio,"John Tatar,Marc Sosnowski"
Michigan 11,House,2012,Syed Taj,Kerry Bentivolio,"John Tatar,Steven Paul Duke,Daniel Johnson"
Michigan 12,House,2012,John Dingell,Cynthia Kallgren,Rick Secula
Michigan 13,House,2012,John Conyers,Harry Sawicki,"Chris Sharer,Martin Gray"
Michigan 14,House,2012,Gary Peters,John Hauler,"Leonard Schwartz,Douglas Campbell"
Minnesota 1,House,2012,Tim Walz,Allen Quist,
Minnesota 2,House,2012,Mike Obermueller,John Kline,
Minnesota 3,House,2012,Brian Barnes,Erik Paulsen,
Minnesota 4,House,2012,Betty McCollum,Tony Hernandez,Steve Carlson
Minnesota 5,House,2012,Keith Ellison,Chris Fields,
Minnesota 6,House,2012,Jim Graves,Michele Bachmann,
Minnesota 7,House,2012,Collin Peterson,Lee Byberg,Adam Steele
Minnesota 8,House,2012,Rick Nolan,Chip Cravaack,
Mississippi 1,House,2012,Brad Morris,Alan Nunnelee,"Danny Bedwell,Jim Bourland,Jim Chris Potts"
Mississippi 2,House,2012,Bennie Thompson,Bill Marcy,"Cobby Williams,Lajena Williams"
Mississippi 3,House,2012,,Gregg Harper,John Pannell
Mississippi 4,House,2012,Matthew Moore,Steven Palazzo,"Ron Williams,Bob Claunch"
Missouri 1,House,2012,Lacy Clay,Robyn Hamlin,Rob Cunningham
Missouri 2,House,2012,Glenn Koenen,Ann Wagner,"Bill Slantz,Anitol Zorikova"
Missouri 3,House,2012,Eric Mayer,Blaine Luetkemeyer,Steve Wilson
Missouri 4,House,2012,Teresa Hensley,Vicky Hartzler,"Thomas Holbrook,Greg Cowan"
Missouri 5,House,2012,Emanuel Cleaver,Jacob Turk,Randy Langkraehr
Missouri 6,House,2012,Kyle Yarber,Sam Graves,Russ Lee Monchil
Missouri 7,House,2012,Jim Evans,Billy Long,Kevin Craig
Missouri 8,House,2012,Jack Rushin,Jo Ann Emerson,Rick Vandeven
Montana 1,House,2012,Kim Gillan,Steve Daines,David Kaiser
Nebraska 1,House,2012,Korey Reiman,Jeff Fortenberry,
Nebraska 2,House,2012,John Ewing,Lee Terry,
Nebraska 3,House,2012,Mark Sullivan,Adrian Smith,
Nevada 1,House,2012,Dina Titus,Chris Edwards,"Bill Pojunis,Stan Vaughan"
Nevada 2,House,2012,Sam Koepnick,Mark Amodei,"Michael Haines,Russell Best"
Nevada 3,House,2012,John Oceguera,Joe Heck,"Tim Murphy,Tom Jones"
Nevada 4,House,2012,Steven Horsford,Danny Tarkanian,"Floyd Fitzgibbons,Joe Silvestri"
New Hampshire 1,House,2012,Carol Shea-Porter,Frank Guinta,Brendan Kelly
New Hampshire 2,House,2012,Ann McLane Kuster,Charles Bass,Hardy Macia
New Jersey 1,House,2012,Rob Andrews,Greg Horton,"John William Reitter,Margaret Chapman"
New Jersey 2,House,2012,Cassandra Shober,Frank LoBiondo,"John Ordille,Charles Lukens,David Bowen,Frank Faralli"
New Jersey 3,House,2012,Shelley Adler,Jon Runyan,"Robert Forchin,Robert Shapiro,Fredrick John Lavergne"
New Jersey 4,House,2012,Brian Froelich,Chris Smith,Leonard Marshall
New Jersey 5,House,2012,Adam Gussen,Scott Garrett,Patricia Alessandrini
New Jersey 6,House,2012,Frank Pallone,Anna Little,Len Flynn
New Jersey 7,House,2012,Upendra Chivukula,Leonard Lance,"Dennis Breen,Patrick McKnight"
New Jersey 8,House,2012,Albio Sires,Maria Pineiro Karczewski,"Herbert Shaw,Stephen De Luca"
New Jersey 9,House,2012,Bill Pascrell,Shmuley Boteach,David Smith
New Jersey 10,House,2012,Donald Payne,,Joanne Miller
New Jersey 10,House,2012,Donald Payne,Brian Kelemen,"Joanne Miller,Mick Erickson"
New Jersey 11,House,2012,John Arvanites,Rodney Frelinghuysen,Barry Berlin
New Jersey 12,House,2012,Rush Holt,Eric Beck,"Jack Freudenheim,Kenneth Cody"
New Mexico 1,House,2012,Michelle Lujan Grisham,Janice Arnold-Jones,
New Mexico 2,House,2012,Evelyn Madrid Erhard,Steve Pearce,
New Mexico 3,House,2012,Ben Ray Lujan,Jeff Byrd,
New York 1,House,2012,Tim Bishop,Randy Altschuler,
New York 2,House,2012,Vivianne Falcone,Peter King,
New York 3,House,2012,Steve Israel,Stephen Labate,"Mike McDermott,Anthony Tolda"
New York 4,House,2012,Carolyn McCarthy,Fran Becker,
New York 5,House,2012,Gregory Meeks,Allan Jennings,Catherine Wark
New York 6,House,2012,Grace Meng,Dan Halloran,Evergreen Chou
New York 7,House,2012,Nydia Velazquez,,James Murray
New York 8,House,2012,Hakeem Jeffries,Alan Bellone,Colin Beavan
New York 9,House,2012,Yvette Clarke,Daniel Cavanagh,Vivia Morgan
New York 10,House,2012,Jerrold Nadler,Michael Chan,
New York 11,House,2012,Mark Murphy,Michael Grimm,Hank Bardel
New York 12,House,2012,Carolyn Maloney,Christopher Wight,
New York 13,House,2012,Charles Rangel,Craig Schley,Deborah Liatos
New York 14,House,2012,Joseph Crowley,William Gibbons,Tony Gronowicz
New York 15,House,2012,Jose Serrano,Frank Della Valle,
New York 16,House,2012,Eliot Engel,Joseph McLaughlin,Joseph Diaferia
New York 17,House,2012,Nita Lowey,Joe Carvin,Francis Morganthaler
New York 18,House,2012,Sean Maloney,Nan Hayworth,
New York 19,House,2012,Julian Schreibman,Chris Gibson,
New York 20,House,2012,Paul Tonko,Bob Dieterich,
New York 21,House,2012,Bill Owens,Matt Doheny,Donald Hassig
New York 22,House,2012,Dan Lamb,Richard Hanna,
New York 23,House,2012,Nate Shinagawa,Tom Reed,
New York 24,House,2012,Dan Maffei,Ann Marie Buerkle,Ursula Rozum
New York 25,House,2012,Louise Slaughter,Maggie Brooks,
New York 26,House,2012,Brian Higgins,Michael Madigan,
New York 27,House,2012,Kathy Hochul,Chris Collins,
North Carolina 1,House,2012,G.K. Butterfield,Pete DiLauro,Darryl Holloman
North Carolina 2,House,2012,Steve Wilkins,Renee Ellmers,Brian Irving
North Carolina 3,House,2012,Erik Anderson,Walter Jones,
North Carolina 4,House,2012,David Price,Tim D'Annunzio,
North Carolina 5,House,2012,Elisabeth Motsinger,Virginia Foxx,
North Carolina 6,House,2012,Tony Foriest,Howard Coble,
North Carolina 7,House,2012,Mike McIntyre,David Rouzer,
North Carolina 8,House,2012,Larry Kissell,Richard Hudson,
North Carolina 9,House,2012,Jennifer Roberts,Robert Pittenger,Curtis Campbell
North Carolina 10,House,2012,Patsy Keever,Patrick McHenry,
North Carolina 11,House,2012,Hayden Rogers,Mark Meadows,
North Carolina 12,House,2012,Mel Watt,Jack Brosch,
North Carolina 13,House,2012,Charles Malone,George Holding,
North Dakota 1,House,2012,Pam Gulleson,Kevin Cramer,Eric Olson
Ohio 1,House,2012,Jeff Sinnard,Steve Chabot,"Jim Berns,Rich Stevenson"
Ohio 2,House,2012,William Smith,Brad Wenstrup,
Ohio 3,House,2012,Joyce Beatty,Chris Long,"Richard Ehrbar,Bob Fitrakis"
Ohio 4,House,2012,James Slone,Jim Jordan,Chris Calla
Ohio 5,House,2012,Angela Zimmann,Bob Latta,Eric Eberly
Ohio 6,House,2012,Charlie Wilson,Bill Johnson,
Ohio 7,House,2012,Joyce Healy-Abrams,Bob Gibbs,
Ohio 8,House,2012,,John Boehner,
Ohio 9,House,2012,Marcy Kaptur,Samuel Wurzelbacher,Sean Stipe
Ohio 10,House,2012,Sharen Neuhardt,Mike Turner,David Harlow
Ohio 11,House,2012,Marcia Fudge,,
Ohio 12,House,2012,James Reese,Pat Tiberi,Robert Fitrakis
Ohio 13,House,2012,Tim Ryan,Marisha Agana,
Ohio 14,House,2012,Dale Virgil Blanchard,David Joyce,"Elaine Mastromatteo,David Macko"
Ohio 15,House,2012,Pat Lang,Steve Stivers,
Ohio 16,House,2012,Betty Sutton,Jim Renacci,
Oklahoma 1,House,2012,John Olson,Jim Bridenstine,Craig Allen
Oklahoma 2,House,2012,Rob Wallace,Markwayne Mullin,Michael Fulks
Oklahoma 3,House,2012,Tim Murray,Frank Lucas,William Sanders
Oklahoma 4,House,2012,Donna Bebo,Tom Cole,RJ Harris
Oklahoma 5,House,2012,Tom Guild,James Lankford,"Pat Martin,Robert Murphy"
Oregon 1,House,2012,Suzanne Bonamici,Delinda Morgan,"Steven Reynolds,Robert Ekstrom"
Oregon 2,House,2012,Joyce Segers,Greg Walden,Joe Tabor
Oregon 3,House,2012,Earl Blumenauer,Ronald Green,"Woodrow Broadnax,Michael Cline"
Oregon 4,House,2012,Peter DeFazio,Arthur Robinson,Chuck Huntting
Oregon 5,House,2012,Kurt Schrader,Fred Thompson,"Christina Lugo,Raymond Baldwin"
Pennsylvania 1,House,2012,Bob Brady,John Featherman,
Pennsylvania 2,House,2012,Chaka Fattah,Robert Allen Mansfield,James Foster
Pennsylvania 3,House,2012,Missa Eaton,Mike Kelly,Steven Porter
Pennsylvania 4,House,2012,Harry Perkinson,Scott Perry,"Wayne Wolf,Mike Koffenberger"
Pennsylvania 5,House,2012,Charles Dumas,Glenn Thompson,
Pennsylvania 6,House,2012,Manan Trivedi,Jim Gerlach,
Pennsylvania 7,House,2012,George Badey,Pat Meehan,
Pennsylvania 8,House,2012,Kathy Boockvar,Mike Fitzpatrick,
Pennsylvania 9,House,2012,Karen Ramsburg,Bill Shuster,
Pennsylvania 10,House,2012,Phil Scollo,Tom Marino,
Pennsylvania 11,House,2012,Gene Stilp,Lou Barletta,
Pennsylvania 12,House,2012,Mark Critz,Keith Rothfus,
Pennsylvania 13,House,2012,Allyson Schwartz,Joe Rooney,
Pennsylvania 14,House,2012,Mike Doyle,Hans Lessmann,
Pennsylvania 15,House,2012,Rick Daugherty,Charlie Dent,
Pennsylvania 16,House,2012,Aryanna Strader,Joe Pitts,"John Murphy,James Bednarski"
Pennsylvania 17,House,2012,Matt Cartwright,Laureen Cummings,
Pennsylvania 18,House,2012,Larry Maggi,Tim Murphy,
Rhode Island 1,House,2012,David Cicilline,Brendan Doherty,David Vogel
Rhode Island 2,House,2012,Jim Langevin,Michael Riley,Abel Collins
South Carolina 1,House,2012,Bobbie Rose,Tim Scott,Working Families
South Carolina 2,House,2012,,Joe Wilson,
South Carolina 3,House,2012,Brian Doyle,Jeff Duncan,
South Carolina 4,House,2012,Deb Morrow,Trey Gowdy,Working Families
South Carolina 5,House,2012,Joyce Knott,Mick Mulvaney,
South Carolina 6,House,2012,Jim Clyburn,,Nammu Muhammad
South Carolina 7,House,2012,Gloria Bromell Tinubu,Tom Rice,
South Dakota 1,House,2012,Matt Varilek,Kristi Noem,
Tennessee 1,House,2012,Alan Woodruff,Phil Roe,Karen Brackett
Tennessee 2,House,2012,Troy Goodale,Jimmy Duncan,"Greg Samples,Paul Coker,Brandon Stewart"
Tennessee 3,House,2012,Mary Headrick,Chuck Fleischmann,Matthew Deniston
Tennessee 4,House,2012,Eric Stewart,Scott DesJarlais,
Tennessee 5,House,2012,Jim Cooper,Brad Staats,John Miglietta
Tennessee 6,House,2012,,Diane Black,"Robert Beasley,Pat Riley"
Tennessee 7,House,2012,Credo Amouzouvik,Marsha Blackburn,"Howard Switzer,Jack Arnold,William Akin,Lenny Ladner"
Tennessee 8,House,2012,Timothy Dixon,Stephen Fincher,"James Hart,Mark Rawles"
Tennessee 9,House,2012,Steve Cohen,George Flinn,"Brian Saulsberry,Gregory Joiner"
Texas 1,House,2012,Shirley McKellar,Louie Gohmert,Clark Patterson
Texas 2,House,2012,Jim Dougherty,Ted Poe,"Kenneth Duncan,Mark Roberts"
Texas 3,House,2012,,Sam Johnson,
Texas 4,House,2012,VaLinda Hathcox,Ralph Hall,Thomas Griffing
Texas 5,House,2012,Linda Mrosko,Jeb Hensarling,Ken Ashby
Texas 6,House,2012,Kenneth Sanders,Joe Barton,"Hugh Chauvin,Brandon Parmer"
Texas 7,House,2012,James Cargas,John Culberson,"Drew Parks,Lance Findley"
Texas 8,House,2012,Neil Burns,Kevin Brady,Roy Hall
Texas 9,House,2012,Al Green,Steve Mueller,"Vanessa Foster,John Weider"
Texas 10,House,2012,Tawana Cadien,Michael McCaul,Richard Priest
Texas 11,House,2012,Jim Riley,Mike Conaway,Scott Ballard
Texas 12,House,2012,Dave Robinson,Kay Granger,Matthew Solodow
Texas 13,House,2012,,Mac Thornberry,"John Robert Deek,Keith Houston"
Texas 14,House,2012,Nick Lampson,Randy Weber,"Zach Grady,Rhett Rosenquest Smith"
Texas 15,House,2012,Ruben Hinojosa,Dale Brueggemann,"Ronald Finch,Benjamin Perez"
Texas 16,House,2012,Beto O'Rourke,Barbara Carrasco,Junart Sodoy
Texas 17,House,2012,,Bill Flores,Ben Easton
Texas 18,House,2012,Sheila Jackson Lee,Sean Seibert,Christopher Barber
Texas 19,House,2012,,Randy Neugebauer,Chip Peterson
Texas 20,House,2012,Joaqun Castro,David Rosa,"Tracy Potts,Antonio Diaz"
Texas 21,House,2012,Candace Duval,Lamar Smith,"John-Henry Liberty,Bill Stout"
Texas 22,House,2012,Kesha Rogers,Pete Olson,"Steve Susman,Don Cook"
Texas 23,House,2012,Pete Gallego,Quico Canseco,"Jeffrey Blunt,Ed Scharf"
Texas 24,House,2012,Tim Rusk,Kenny Marchant,John Stathas
Texas 25,House,2012,Elaine Henderson,Roger Williams,"Betsy Dewey,Roger Quannah Settler"
Texas 26,House,2012,David Sanchez,Michael Burgess,Mark Boler
Texas 27,House,2012,Rose Meza Harrison,Blake Farenthold,"William Bret Baldwin,Corrie Byrd"
Texas 28,House,2012,Henry Cuellar,William Hayward,"Patrick Hisel,Michael Cary"
Texas 29,House,2012,Gene Green,,"James Stanczack,Maria Selva"
Texas 30,House,2012,Eddie Bernice Johnson,Travis Washington,Ed Rankin
Texas 31,House,2012,Stephen Wyman,John Carter,Ethan Garofolo
Texas 32,House,2012,Katherine Savers McGovern,Pete Sessions,Seth Hollist
Texas 33,House,2012,Marc Veasey,Chuck Bradley,Ed Lindsay
Texas 34,House,2012,Filemon Vela,Jessica Puente Bradshaw,Steven Shanklin
Texas 35,House,2012,Lloyd Doggett,Susan Narvaiz,"Ross Lynn Leone,Meghan Owen"
Texas 36,House,2012,Max Martin,Steve Stockman,Michael Cole
Utah 1,House,2012,Donna McAleer,Rob Bishop,Sherry Phipps
Utah 2,House,2012,Jay Seegmiller,Chris Stewart,"Jonathan Garrard,Joe Andrade,Charles Kimball"
Utah 3,House,2012,Soren Simonsen,Jason Chaffetz,
Utah 4,House,2012,Jim Matheson,Mia Love,Jim Vein
Vermont 1,House,2012,Peter Welch,Mark Donka,"James Desrochers,Jane Newton,Andre LaFramboise"
Virginia 1,House,2012,Adam Cook,Rob Wittman,Gail Parker
Virginia 2,House,2012,Paul Hirschbiel,Scott Rigell,
Virginia 3,House,2012,Bobby Scott,Dean Longo,
Virginia 4,House,2012,Ella Ward,Randy Forbes,
Virginia 5,House,2012,John Douglass,Robert Hurt,Kenneth Hildebrant
Virginia 6,House,2012,Andy Schmookler,Bob Goodlatte,
Virginia 7,House,2012,Wayne Powell,Eric Cantor,
Virginia 8,House,2012,Jim Moran,Jay Patrick Murray,"Jason Howell,Janet Murphy"
Virginia 9,House,2012,Anthony Flaccavento,Morgan Griffith,
Virginia 10,House,2012,Kristin Cabral,Frank Wolf,
Virginia 11,House,2012,Gerry Connolly,Chris Perkins,"Mark Gibson,Chris DeCarlo,Joe Galdo,Peter Marchetti"
Washington 1,House,2012,Suzan DelBene,John Koster,
Washington 2,House,2012,Rick Larsen,Dan Matthews,
Washington 3,House,2012,Jon Haugen,Jaime Herrera Beutler,
Washington 4,House,2012,Mary Baechler,Doc Hastings,
Washington 5,House,2012,Rich Cowan,Cathy McMorris Rodgers,
Washington 6,House,2012,Derek Kilmer,Bill Driscoll,
Washington 7,House,2012,Jim McDermott,Ron Bemis,
Washington 8,House,2012,Karen Porterfeild,Dave Reichert,
Washington 9,House,2012,Adam Smith,James Postma,
Washington 10,House,2012,Denny Heck,Dick Muri,
West Virginia 1,House,2012,Sue Thorn,David McKinley,
West Virginia 2,House,2012,Howard Swint,Shelley Moore Capito,
West Virginia 3,House,2012,Nick Rahall,Rick Snuffer,
Wisconsin 1,House,2012,Rob Zerban,Paul Ryan,Keith Deschler
Wisconsin 2,House,2012,Mark Pocan,Chad Lee,Joe Kopsick
Wisconsin 3,House,2012,Ron Kind,Ray Boland,
Wisconsin 4,House,2012,Gwen Moore,Dan Sebring,Robert Raymond
Wisconsin 5,House,2012,Dave Heaster,Jim Sensenbrenner,
Wisconsin 6,House,2012,Joe Kallas,Tom Petri,
Wisconsin 7,House,2012,Pat Kreitlow,Sean Duffy,Dale Lehner
Wisconsin 8,House,2012,Jamie Wall,Reid Ribble,
Wyoming 1,House,2012,Chris Henrichsen,Cynthia Lummis,"Richard Brubaker,Daniel Cummings,Don Wills"
Florida 13,House,2014,Alex Sink,David Jolly,Lucas Overby
Florida 19,House,2014,April Freeman,Curt Clawson,Ray Netherwood
New Jersey 1,House,2014,Donald Norcross,Garry Cobb,"Scot John Tomaszewski,Margaret Chapman,Robert Shapiro,Mike Berman,Donald Letton"
North Carolina 12,House,2014,Alma Adams,Vince Coakley,
Virginia 7,House,2014,Jack Trammell,Dave Brat,
Alabama 1,House,2014,Burton LeFlore,Bradley Byrne,
Alabama 2,House,2014,Erick Wright,Martha Roby,
Alabama 3,House,2014,Jesse Smith,Mike Rogers,
Alabama 4,House,2014,,Robert Aderholt,
Alabama 5,House,2014,,Mo Brooks,Mark Bray
Alabama 6,House,2014,Mark Lester,Gary Palmer,Aimee Love
Alabama 7,House,2014,Terri Sewell,,
Alaska 1,House,2014,Forrest Dunbar,Don Young,Jim McDermott
Arizona 1,House,2014,Ann Kirkpatrick,Andy Tobin,
Arizona 2,House,2014,Ron Barber,Martha McSally,
Arizona 3,House,2014,Raul Grijalva,Gabriela Saucedo Mercer,
Arizona 4,House,2014,Mike Weisser,Paul Gosar,Chris Rike
Arizona 5,House,2014,James Woods,Matt Salmon,
Arizona 6,House,2014,John Williamson,David Schweikert,
Arizona 7,House,2014,Ruben Gallego,,"Joe Cobb,Rebecca DeWitt,Jose Penalosa"
Arizona 8,House,2014,,Trent Franks,Stephen Dolgos
Arizona 9,House,2014,Kyrsten Sinema,Wendy Rogers,Powell Gammill
Arkansas 1,House,2014,Jackie McPherson,Rick Crawford,Brian Willhite
Arkansas 2,House,2014,Pat Hays,French Hill,Debbie Standiford
Arkansas 3,House,2014,,Steve Womack,Grant Brand
Arkansas 4,House,2014,James Lee Witt,Bruce Westerman,Ken Hamilton
California 1,House,2014,Heidi Hall,Doug LaMalfa,
California 2,House,2014,Jared Huffman,Dale Mensing,
California 3,House,2014,John Garamendi,Dan Logue,
California 4,House,2014,,"Tom McClintock,Art Moore",
California 5,House,2014,Mike Thompson,,James Hinton
California 6,House,2014,Doris Matsui,Joseph McCray,
California 7,House,2014,Ami Bera,Doug Ose,
California 8,House,2014,Bob Conaway,Paul Cook,
California 9,House,2014,Jerry McNerney,Tony Amador,
California 10,House,2014,Michael Eggman,Jeff Denham,
California 11,House,2014,Mark DeSaulnier,Tue Phan,
California 12,House,2014,Nancy Pelosi,John Dennis,
California 13,House,2014,Barbara Lee,Dakin Sundeen,
California 14,House,2014,Jackie Speier,Robin Chew,
California 15,House,2014,Eric Swalwell,Hugh Bussell,
California 16,House,2014,Jim Costa,Johnny Tacherra,
California 17,House,2014,"Mike Honda,Ro Khanna",,
California 18,House,2014,Anna Eshoo,Richard Fox,
California 19,House,2014,"Zoe Lofgren,Robert Murray",,
California 20,House,2014,Sam Farr,,Ronald Kabat
California 21,House,2014,Amanda Renteria,David Valadao,
California 22,House,2014,Sam Aguilera-Marrero,Devin Nunes,
California 23,House,2014,Raul Garcia,Kevin McCarthy,
California 24,House,2014,Lois Capps,Chris Mitchum,
California 25,House,2014,,"Steve Knight,Tony Strickland",
California 26,House,2014,Julia Brownley,Jeff Gorell,
California 27,House,2014,Judy Chu,Jack Orswell,
California 28,House,2014,Adam Schiff,,Steve Stokes
California 29,House,2014,Tony Cardenas,William Leader,
California 30,House,2014,Brad Sherman,Mark Reed,
California 31,House,2014,Pete Aguilar,Paul Chabot,
California 32,House,2014,Grace Napolitano,Arturo Alas,
California 33,House,2014,Ted Lieu,Elan Carr,
California 34,House,2014,"Xavier Becerra,Adrienne Edwards",,
California 35,House,2014,"Norma Torres,Christina Gagnier",,
California 36,House,2014,Raul Ruiz,Brian Nestande,
California 37,House,2014,Karen Bass,Adam King,
California 38,House,2014,Linda Sanchez,Benjamin Campos,
California 39,House,2014,Peter Anderson,Ed Royce,
California 40,House,2014,"Lucille Roybal-Allard,David Sanchez",,
California 41,House,2014,Mark Takano,Steve Adams,
California 42,House,2014,Tim Sheridan,Ken Calvert,
California 43,House,2014,Maxine Waters,John Wood,
California 44,House,2014,Janice Hahn,,Adam Shbeita
California 45,House,2014,Drew Leavens,Mimi Walters,
California 46,House,2014,Loretta Sanchez,Adam Nick,
California 47,House,2014,Alan Lowenthal,Andy Whallon,
California 48,House,2014,Suzanne Savary,Dana Rohrabacher,
California 49,House,2014,Dave Peiser,Darrell Issa,
California 50,House,2014,James Kimber,Duncan Hunter,
California 51,House,2014,Juan Vargas,Stephen Meade,
California 52,House,2014,Scott Peters,Carl DeMaio,
California 53,House,2014,Susan Davis,Larry Wilske,
Colorado 1,House,2014,Diana DeGette,Martin Walsh,Frank Atwood
Colorado 2,House,2014,Jared Polis,George Leing,
Colorado 3,House,2014,Abel Tapia,Scott Tipton,"Tisha Casida,Travis Mero"
Colorado 4,House,2014,Vic Meyers,Ken Buck,Jess Loban
Colorado 5,House,2014,Irv Halter,Doug Lamborn,
Colorado 6,House,2014,Andrew Romanoff,Mike Coffman,"Norm Olsen,Gary Swing"
Colorado 7,House,2014,Ed Perlmutter,Don Ytterberg,
Connecticut 1,House,2014,John Larson,Matthew Corey,Jeff Russell
Connecticut 2,House,2014,Joe Courtney,Lori Hopkins-Cavanagh,"Dan Reale,William Clyde"
Connecticut 3,House,2014,Rosa DeLauro,James Brown,
Connecticut 4,House,2014,Jim Himes,Dan Debicella,
Connecticut 5,House,2014,Elizabeth Esty,Mark Greenberg,John Pistone
Delaware 1,House,2014,John Carney,Rose Izzo,"Bernard August,Scott Gesty"
Florida 1,House,2014,Jim Bryan,Jeff Miller,Mark Wichern
Florida 2,House,2014,Gwen Graham,Steve Southerland,
Florida 3,House,2014,Marihelen Wheeler,Ted Yoho,Howard Term Limits Lawson
Florida 4,House,2014,,Ander Crenshaw,"Paula Moser-Bartlett,Gary Koniz"
Florida 5,House,2014,Corrine Brown,Glo Scurry-Smith,
Florida 6,House,2014,David Cox,Ron DeSantis,
Florida 7,House,2014,Wes Neuman,John Mica,Al Krulick
Florida 8,House,2014,Gabriel Rothblatt,Bill Posey,
Florida 9,House,2014,Alan Grayson,Carol Platt,Marko Milakovich
Florida 10,House,2014,Michael McKenna,Dan Webster,
Florida 11,House,2014,Dave Koller,Rich Nugent,
Florida 12,House,2014,,Gus Bilirakis,
Florida 13,House,2014,,David Jolly,Lucas Overby
Florida 14,House,2014,Kathy Castor,,
Florida 15,House,2014,Alan Cohn,Dennis Ross,
Florida 16,House,2014,Henry Lawrence,Vern Buchanan,
Florida 17,House,2014,Will Bronson,Tom Rooney,
Florida 18,House,2014,Patrick Murphy,Carl Domino,
Florida 19,House,2014,April Freeman,Curt Clawson,Ray Netherwood
Florida 20,House,2014,Alcee Hastings,Jay Bonner,
Florida 21,House,2014,Ted Deutch,,
Florida 22,House,2014,Lois Frankel,Paul Spain,
Florida 23,House,2014,Debbie Wasserman Schultz,Joe Kaufman,
Florida 24,House,2014,Frederica Wilson,Dufirstson Neree,Luis Fernandez
Florida 25,House,2014,,Mario Diaz-Balart,
Florida 26,House,2014,Joe Garcia,Carlos Curbelo,
Florida 27,House,2014,,Ileana Ros-Lehtinen,
Georgia 1,House,2014,Brian Reese,Buddy Carter,
Georgia 2,House,2014,Sanford Bishop,Greg Duke,
Georgia 3,House,2014,,Lynn Westmoreland,
Georgia 4,House,2014,Hank Johnson,,
Georgia 5,House,2014,John Lewis,,
Georgia 6,House,2014,Bob Montigel,Tom Price,
Georgia 7,House,2014,Thomas Wight,Rob Woodall,
Georgia 8,House,2014,,Austin Scott,
Georgia 9,House,2014,David Vogel,Doug Collins,
Georgia 10,House,2014,Ken Dious,Jody Hice,
Georgia 11,House,2014,,Barry Loudermilk,
Georgia 12,House,2014,John Barrow,Rick Allen,
Georgia 13,House,2014,David Scott,,
Georgia 14,House,2014,,Tom Graves,
Hawaii 1,House,2014,Mark Takai,Charles Djou,
Hawaii 2,House,2014,Tulsi Gabbard,Kawika Crowley,Joe Kent
Idaho 1,House,2014,Shirley Ringo,Raul Labrador,
Idaho 2,House,2014,Richard Stallings,Mike Simpson,
Illinois 1,House,2014,Bobby Rush,Jimmy Lee Tillman,
Illinois 2,House,2014,Robin Kelly,Eric Wallace,
Illinois 3,House,2014,Dan Lipinski,Sharon Brannigan,
Illinois 4,House,2014,Luis Gutierrez,Hector Concepcion,
Illinois 5,House,2014,Mike Quigley,Vince Kolber,Nancy Wade
Illinois 6,House,2014,Michael Mason,Peter Roskam,
Illinois 7,House,2014,Danny Davis,Robert Bumpers,
Illinois 8,House,2014,Tammy Duckworth,Larry Kaifesh,
Illinois 9,House,2014,Jan Schakowsky,Susanne Atanus,
Illinois 10,House,2014,Brad Schneider,Bob Dold,
Illinois 11,House,2014,Bill Foster,Darlene Senger,
Illinois 12,House,2014,Bill Enyart,Mike Bost,
Illinois 13,House,2014,Ann Callis,Rodney Davis,
Illinois 14,House,2014,Dennis Anderson,Randy Hultgren,
Illinois 15,House,2014,Eric Thorsland,John Shimkus,
Illinois 16,House,2014,Randall Olsen,Adam Kinzinger,
Illinois 17,House,2014,Cheri Bustos,Bobby Schilling,
Illinois 18,House,2014,Darrel Miller,Aaron Schock,
Indiana 1,House,2014,Pete Visclosky,Mark Leyva,Donna Dunn
Indiana 2,House,2014,Joe Bock,Jackie Walorski,Jeff Petermann
Indiana 3,House,2014,Justin Kuhnle,Marlin Stutzman,Scott Wise
Indiana 4,House,2014,John Dale,Todd Rokita,
Indiana 5,House,2014,Shawn Denney,Susan Brooks,John Krom
Indiana 6,House,2014,Susan Hall Heitzman,Luke Messer,Eric Miller
Indiana 7,House,2014,Andre Carson,Catherine Ping,Chris Mayo
Indiana 8,House,2014,Tom Spangler,Larry Bucshon,Andrew Horning
Indiana 9,House,2014,Bill Bailey,Todd Young,Mike Frey
Iowa 1,House,2014,Pat Murphy,Rod Blum,
Iowa 2,House,2014,Dave Loebsack,Mariannette Miller-Meeks,
Iowa 3,House,2014,Staci Appel,David Young,"Edward Wright,Bryan Jack Holder"
Iowa 4,House,2014,Jim Mowrer,Steve King,
Kansas 1,House,2014,Jim Sherow,Tim Huelskamp,
Kansas 2,House,2014,Margie Wakefield,Lynn Jenkins,Chris Clemmons
Kansas 3,House,2014,Kelly Kultala,Kevin Yoder,
Kansas 4,House,2014,Perry Schuckman,Mike Pompeo,
Kentucky 1,House,2014,Charles Hatchett,Ed Whitfield,
Kentucky 2,House,2014,Ron Leach,Brett Guthrie,
Kentucky 3,House,2014,John Yarmuth,Michael Macfarlane,Gregory Puccetti
Kentucky 4,House,2014,Peter Newberry,Thomas Massie,
Kentucky 5,House,2014,Kenneth Stepp,Hal Rogers,
Kentucky 6,House,2014,Elisabeth Jensen,Andy Barr,
Louisiana 1,House,2014,"Vinny Mendoza,Lee Dugas",Steve Scalise,Jeff Sanford
Louisiana 2,House,2014,"Cedric Richmond,Gary Landrieu",,"David Brooks,Samuel Davenport"
Louisiana 3,House,2014,,"Charles Boustany,Bryan Barrilleaux",Russell Richard
Louisiana 4,House,2014,,John Fleming,Randall Lord
Louisiana 5,House,2014,Jamie Mayo,Ralph Abraham,
Louisiana 6,House,2014,Edwin Edwards,Garret Graves,
Maine 1,House,2014,Chellie Pingree,Isaac Misiuk,Richard Murphy
Maine 2,House,2014,Emily Cain,Bruce Poliquin,Blaine Richardson
Maryland 1,House,2014,Bill Tilghman,Andy Harris,
Maryland 2,House,2014,Dutch Ruppersberger,Dave Banach,Ian Schlakman
Maryland 3,House,2014,John Sarbanes,Charles Long,
Maryland 4,House,2014,Donna Edwards,Nancy Hoyt,Arvin Vohra
Maryland 5,House,2014,Steny Hoyer,Chris Chaffee,
Maryland 6,House,2014,John Delaney,Daniel Bongino,George Gluck
Maryland 7,House,2014,Elijah Cummings,Corrogan Vaughn,Scott Soffen
Maryland 8,House,2014,Chris Van Hollen,David Wallace,
Massachusetts 1,House,2014,Richard Neal,,
Massachusetts 2,House,2014,Jim McGovern,,
Massachusetts 3,House,2014,Niki Tsongas,Roseann Wofford,
Massachusetts 4,House,2014,Joe Kennedy,,
Massachusetts 5,House,2014,Katherine Clark,,
Massachusetts 6,House,2014,Seth Moulton,Richard Tisei,Chris Stockwell
Massachusetts 7,House,2014,Mike Capuano,,
Massachusetts 8,House,2014,Stephen Lynch,,
Massachusetts 9,House,2014,Bill Keating,John Chapman,
Michigan 1,House,2014,Jerry Cannon,Dan Benishek,"Loel Gnadt,Ellis Boal"
Michigan 2,House,2014,Dean Vanderstelt,Bill Huizenga,"Ronald Welch,Ron Graeser"
Michigan 3,House,2014,Bob Goodrich,Justin Amash,Tonya Duncan
Michigan 4,House,2014,Jeff Holmes,John Moolenaar,"George Zimmer,Will White"
Michigan 5,House,2014,Dan Kildee,Allen Hardwick,Harold Jones
Michigan 6,House,2014,Paul Clements,Fred Upton,"Erwin Haas,John Lawrence"
Michigan 7,House,2014,Pam Byrnes,Tim Walberg,"Ken Proctor,David Swartout,Rick Strawcutter"
Michigan 8,House,2014,Eric Schertzing,Mike Bishop,"James Weeks,Jim Casha,Jeremy Burgess"
Michigan 9,House,2014,Sander Levin,George Brikho,"Gregory Creswell,John McDermott"
Michigan 10,House,2014,Chuck Stadler,Candice Miller,Harley Mikkelson
Michigan 11,House,2014,Bobby McKenzie,David Trott,John Tatar
Michigan 12,House,2014,Debbie Dingell,Terry Bowman,"Gary Walkowicz,Bhagwan Dashairya"
Michigan 13,House,2014,John Conyers,Jeff Gorman,"Chris Sharer,Sam Johnson"
Michigan 14,House,2014,Brenda Lawrence,Christina Barr,"Leonard Schwartz,Stephen Boyle"
Minnesota 1,House,2014,Tim Walz,Jim Hagedorn,
Minnesota 2,House,2014,Mike Obermueller,John Kline,Paula Overby
Minnesota 3,House,2014,Sharon Sund,Erik Paulsen,
Minnesota 4,House,2014,Betty McCollum,Sharna Wahlgren,Dave Thomas
Minnesota 5,House,2014,Keith Ellison,Doug Daggett,Lee Bauer
Minnesota 6,House,2014,Joe Perske,Tom Emmer,John Denney
Minnesota 7,House,2014,Collin Peterson,Torrey Westrom,
Minnesota 8,House,2014,Rick Nolan,Stewart Mills,Skip Sandman
Mississippi 1,House,2014,Ron Dickey,Alan Nunnelee,"Danny Bedwell,Lajena Walley"
Mississippi 2,House,2014,Bennie Thompson,,"Troy Ray,Shelley Shoemake"
Mississippi 3,House,2014,Doug Magee,Gregg Harper,"Roger Gerrard,Barbara Dale Washer"
Mississippi 4,House,2014,Matt Moore,Steven Palazzo,"Cindy Burleson,Joey Robinson,Eli Jackson,Ed Reich"
Missouri 1,House,2014,Lacy Clay,Daniel Elder,Robb Cunningham
Missouri 2,House,2014,Arthur Lieber,Ann Wagner,Bill Slantz
Missouri 3,House,2014,Courtney Denton,Blaine Luetkemeyer,Steven Hedrick
Missouri 4,House,2014,Nate Irvin,Vicky Hartzler,Herschel Young
Missouri 5,House,2014,Emanuel Cleaver,Jacob Turk,Roy Welborn
Missouri 6,House,2014,Bill Hedge,Sam Graves,Russ Monchil
Missouri 7,House,2014,Jim Evans,Billy Long,Kevin Craig
Missouri 8,House,2014,Barbara Stocker,Jason Smith,"Terry Hampton,Doug Enyart,Rick Vandeven"
Montana 1,House,2014,John Lewis,Ryan Zinke,Mike Fellows
Nebraska 1,House,2014,Dennis Crawford,Jeff Fortenberry,
Nebraska 2,House,2014,Brad Ashford,Lee Terry,Steven Laird
Nebraska 3,House,2014,Mark Sullivan,Adrian Smith,
Nevada 1,House,2014,Dina Titus,Annette Teijeiro,"Richard Charles,Kamau Bakari"
Nevada 2,House,2014,Kristen Spees,Mark Amodei,Janine Hansen
Nevada 3,House,2014,Erin Bilbray,Joe Heck,"David Goosen,Randy Kimmick,Steven St. John"
Nevada 4,House,2014,Steven Horsford,Cresent Hardy,"Steve Brown,Russell Best"
New Hampshire 1,House,2014,Carol Shea-Porter,Frank Guinta,
New Hampshire 2,House,2014,Ann McLane Kuster,Marilinda Garcia,
New Jersey 1,House,2014,Donald Norcross,Garry Cobb,"Scot John Tomaszewski,Margaret Chapman,Robert Shapiro,Mike Berman,Don Letton"
New Jersey 2,House,2014,Bill Hughes,Frank LoBiondo,"Alexander Spano,Constantino Rozzo,Bayo Olabisi,Gary Stein"
New Jersey 3,House,2014,Aimee Belgard,Tom MacArthur,Frederick John LaVergne
New Jersey 4,House,2014,Ruben Scolavino,Chris Smith,Scott Neuman
New Jersey 5,House,2014,Roy Cho,Scott Garrett,Mark Quick
New Jersey 6,House,2014,Frank Pallone,Anthony Wilkinson,Dorit Goikhman
New Jersey 7,House,2014,Janice Kovach,Leonard Lance,Jim Gawron
New Jersey 8,House,2014,Albio Sires,Jude-Anthony Tiscornia,"Herbert Shaw,Pablo Olivera,Robert Thorne"
New Jersey 9,House,2014,Bill Pascrell,Dierdre Paul,Nestor Montilla
New Jersey 10,House,2014,Donald Payne,Yolanda Dentley,"Gwendolyn Franklin,Dark Angel"
New Jersey 11,House,2014,Mark Dunec,Rodney Frelinghuysen,
New Jersey 12,House,2014,Bonnie Watson Coleman,Alieta Eck,"Don DeZarn,Steven Welzer,Ken Cody,Jack Freudenheim,Allen Cannon"
New Mexico 1,House,2014,Michelle Lujan Grisham,Mike Frese,
New Mexico 2,House,2014,Rocky Lara,Steve Pearce,
New Mexico 3,House,2014,Ben Ray Lujn,Jeff Byrd,
New York 1,House,2014,Tim Bishop,Lee Zeldin,
New York 2,House,2014,Pat Maher,Peter King,Will Stevenson
New York 3,House,2014,Steve Israel,Grant Lally,
New York 4,House,2014,Kathleen Rice,Bruce Blakeman,
New York 5,House,2014,Gregory Meeks,,Allen Steinhardt
New York 6,House,2014,Grace Meng,,
New York 7,House,2014,Nydia Velazquez,Jose Luis Fernandez,Allan Romaguera
New York 8,House,2014,Hakeem Jeffries,,Alan Ballone
New York 9,House,2014,Yvette Clarke,,Daniel Cavanaugh
New York 10,House,2014,Jerry Nadler,,"Ross Brady,Michael Dilger"
New York 11,House,2014,Domenic Recchia,Michael Grimm,Henry Bardel
New York 12,House,2014,Carolyn Maloney,Nick Di Iorio,
New York 13,House,2014,Charles Rangel,,Daniel Vila
New York 14,House,2014,Joe Crowley,,Elizabeth Perri
New York 15,House,2014,Jose Serrano,,"Eduardo Ramirez,Bill Edstrom"
New York 16,House,2014,Eliot Engel,,
New York 17,House,2014,Nita Lowey,Chris Day,
New York 18,House,2014,Sean Patrick Maloney,Nan Hayworth,Scott Smith
New York 19,House,2014,Sean Eldridge,Chris Gibson,
New York 20,House,2014,Paul Tonko,Jim Fischer,
New York 21,House,2014,Aaron Woolf,Elise Stefanik,Matt Funiciello
New York 22,House,2014,,Richard Hanna,
New York 23,House,2014,Martha Robertson,Tom Reed,
New York 24,House,2014,Dan Maffei,John Katko,
New York 25,House,2014,Louise Slaughter,Mark Assini,
New York 26,House,2014,Brian Higgins,Kathy Weppner,
New York 27,House,2014,Jim O'Donnell,Chris Collins,
North Carolina 1,House,2014,G.K. Butterfield,Arthur Rich,
North Carolina 2,House,2014,Clay Aiken,Renee Ellmers,
North Carolina 3,House,2014,Marshall Adame,Walter Jones,
North Carolina 4,House,2014,David Price,Paul Wright,
North Carolina 5,House,2014,Josh Brannon,Virginia Foxx,
North Carolina 6,House,2014,Laura Fjeld,Mark Walker,
North Carolina 7,House,2014,Jonathan Barfield,David Rouzer,Wesley Casteen
North Carolina 8,House,2014,Antonio Blue,Richard Hudson,
North Carolina 9,House,2014,,Robert Pittenger,Shawn Eckles
North Carolina 10,House,2014,Tate MacQueen,Patrick McHenry,
North Carolina 11,House,2014,Thomas Waddell Hill,Mark Meadows,
North Carolina 12,House,2014,Alma Adams,Vince Coakley,
North Carolina 13,House,2014,Brenda Cleary,George Holding,
North Dakota 1,House,2014,George Sinner,Kevin Cramer,Jack Seaman
Ohio 1,House,2014,Fred Kundrata,Steve Chabot,
Ohio 2,House,2014,Marek Tyszkiewicz,Brad Wenstrup,
Ohio 3,House,2014,Joyce Beatty,John Adams,
Ohio 4,House,2014,Janet Garrett,Jim Jordan,
Ohio 5,House,2014,Robert Fry,Bob Latta,Eric Eberly
Ohio 6,House,2014,Jennifer Garrison,Bill Johnson,Dennis Lambert
Ohio 7,House,2014,,Bob Gibbs,
Ohio 8,House,2014,Tom Poetter,John Boehner,Jim Condit
Ohio 9,House,2014,Marcy Kaptur,Richard May,
Ohio 10,House,2014,Robert Klepinger,Mike Turner,David Harlow
Ohio 11,House,2014,Marcia Fudge,Mark Zetzer,
Ohio 12,House,2014,David Tibbs,Pat Tiberi,Bob Hart
Ohio 13,House,2014,Tim Ryan,Thomas Pekarek,
Ohio 14,House,2014,Michael Wager,David Joyce,David Macko
Ohio 15,House,2014,Scott Wharton,Steve Stivers,
Ohio 16,House,2014,Pete Crossland,Jim Renacci,
Oklahoma 1,House,2014,,Jim Bridenstine,
Oklahoma 2,House,2014,Earl Everett,Markwayne Mullin,Jon Douthitt
Oklahoma 3,House,2014,Frankie Robbins,Frank Lucas,
Oklahoma 4,House,2014,Bert Smith,Tom Cole,Dennis Johnson
Oklahoma 5,House,2014,Al McAffrey,Steve Russell,"Robert Murphy,Tom Boggs,Buddy Ray"
Oregon 1,House,2014,Suzanne Bonamici,Jason Yates,"James Foster,Steven Reynolds"
Oregon 2,House,2014,Aelea Cristofferson,Greg Walden,Sharon Durbin
Oregon 3,House,2014,Earl Blumenauer,James Buchal,"Michael Meo,Jeffrey Langan"
Oregon 4,House,2014,Peter DeFazio,Art Robinson,"Mike Beilstein,David Chester"
Oregon 5,House,2014,Kurt Schrader,Tootie Smith,"Marvin Sannes,Raymond Baldwin,Daniel Souza"
Pennsylvania 1,House,2014,Bob Brady,Megan Rath,
Pennsylvania 2,House,2014,Chaka Fattah,Armond James,
Pennsylvania 3,House,2014,Dan LaVallee,Mike Kelly,
Pennsylvania 4,House,2014,Linda Thompson,Scott Perry,
Pennsylvania 5,House,2014,Kerith Strano Taylor,Glenn Thompson,
Pennsylvania 6,House,2014,Manan Trivedi,Ryan Costello,
Pennsylvania 7,House,2014,Mary Ellen Balchunis,Pat Meehan,
Pennsylvania 8,House,2014,Kevin Strouse,Mike Fitzpatrick,
Pennsylvania 9,House,2014,Alanna Hartzok,Bill Shuster,
Pennsylvania 10,House,2014,Scott Brion,Tom Marino,Nick Troiano
Pennsylvania 11,House,2014,Andy Ostrowski,Lou Barletta,
Pennsylvania 12,House,2014,Erin McClelland,Keith Rothfus,
Pennsylvania 13,House,2014,Brendan Boyle,Dee Adcock,
Pennsylvania 14,House,2014,Mike Doyle,,
Pennsylvania 15,House,2014,,Charlie Dent,
Pennsylvania 16,House,2014,Tom Houghton,Joe Pitts,
Pennsylvania 17,House,2014,Matt Cartwright,David Moylan,
Pennsylvania 18,House,2014,,Tim Murphy,
Rhode Island 1,House,2014,David Cicilline,Cormick Lynch,
Rhode Island 2,House,2014,James Langevin,Rhue Reis,
South Carolina 1,House,2014,,Mark Sanford,
South Carolina 2,House,2014,Phil Black,Joe Wilson,Harold Geddings III
South Carolina 3,House,2014,Barbara Jo Mullis,Jeff Duncan,
South Carolina 4,House,2014,,Trey Gowdy,Curtis McLaughlin
South Carolina 5,House,2014,Tom Adams,Mick Mulvaney,
South Carolina 6,House,2014,Jim Clyburn,Anthony Culler,Kevin Umbaugh
South Carolina 7,House,2014,Gloria Tinubu,Tom Rice,
South Dakota 1,House,2014,Corinna Robinson,Kristi Noem,
Tennessee 1,House,2014,,Phil Roe,"Bob Smith,Robert Franklin,Michael Salyer"
Tennessee 2,House,2014,Bob Scott,Jimmy Duncan,"Casey Gouge,Norris Dryer"
Tennessee 3,House,2014,Mary Headrick,Chuck Fleischmann,Cassandra Mitchell
Tennessee 4,House,2014,Lenda Sherrell,Scott DesJarlais,Robert Doggart
Tennessee 5,House,2014,Jim Cooper,Bob Ries,Paul Deakin
Tennessee 6,House,2014,Amos Powers,Diane Black,Mike Winton
Tennessee 7,House,2014,Dan Cramer,Marsha Blackburn,Lenny Ladner
Tennessee 8,House,2014,Wes Bradley,Stephen Fincher,"Mark Rawles,James Hart"
Tennessee 9,House,2014,Steve Cohen,Charlotte Bergmann,"Floyd Alberson,Paul Cook,Herbert Bass"
Texas 1,House,2014,Shirley McKellar,Louie Gohmert,
Texas 2,House,2014,Niko Letsos,Ted Poe,"James Veasaw,Mark Roberts"
Texas 3,House,2014,,Sam Johnson,Paul Blair
Texas 4,House,2014,,John Ratcliffe,
Texas 5,House,2014,,Jeb Hensarling,Ken Ashby
Texas 6,House,2014,David Cozad,Joe Barton,Hugh Chauvin
Texas 7,House,2014,James Cargas,John Culberson,Gerald Fowler
Texas 8,House,2014,,Kevin Brady,Ken Petty
Texas 9,House,2014,Al Green,,Johnny Johnson
Texas 10,House,2014,Tawana Walter-Cadien,Michael McCaul,Bill Kelsey
Texas 11,House,2014,,Mike Conaway,Ryan Lange
Texas 12,House,2014,Mark Greene,Kay Granger,Ed Colliver
Texas 13,House,2014,Mike Minter,Mac Thornberry,"Emily Pivoda,Don Cook"
Texas 14,House,2014,Donald Brown,Randy Weber,John Wieder
Texas 15,House,2014,Ruben Hinojosa,Eddie Zamora,Johnny Partain
Texas 16,House,2014,Beto O'Rourke,Corey Roen,Jaime Perez
Texas 17,House,2014,Nick Haynes,Bill Flores,Shawn Hamilton
Texas 18,House,2014,Sheila Jackson Lee,Sean Siebert,"Vince Duncan,Remington Alessi"
Texas 19,House,2014,Neal Marchbanks,Randy Neugebauer,Chip Peterson
Texas 20,House,2014,Joaquin Castro,,Jeffrey Blunt
Texas 21,House,2014,,Lamar Smith,"Antonio Diaz,Ryan Shields"
Texas 22,House,2014,Frank Briscoe,Pete Olson,Rob Lapham
Texas 23,House,2014,Pete Gallego,Will Hurd,Ruben Corvalan
Texas 24,House,2014,Patrick McGehearty,Kenny Marchant,Mike Kolls
Texas 25,House,2014,Marco Montoya,Roger Williams,John Betz
Texas 26,House,2014,,Michael Burgess,Mark Boler
Texas 27,House,2014,Wesley Reed,Blake Farenthold,Roxanne Simonson
Texas 28,House,2014,Henry Cuellar,,"Will Aikens,Michael Cary"
Texas 29,House,2014,Gene Green,,James Stanczak
Texas 30,House,2014,Eddie Bernice Johnson,,"Max Koch,Eric Williams"
Texas 31,House,2014,Louie Minor,John Carter,Scott Ballard
Texas 32,House,2014,Frank Perez,Pete Sessions,Edward Rankin
Texas 33,House,2014,Marc Veasey,,Jason Reeves
Texas 34,House,2014,Filemon Vela,Larry Smith,Ryan Rowley
Texas 35,House,2014,Lloyd Doggett,Susan Narvaiz,"Cory Bruner,Kat Swift"
Texas 36,House,2014,Michael Cole,Brian Babin,"Rodney Veach,Hal Ridley"
Utah 1,House,2014,Donna McAleer,Rob Bishop,"Craig Bowden,Dwayne Vance"
Utah 2,House,2014,Luz Robles,Chris Stewart,"Shaun McCausland,Wayne Hill,Bill Barron"
Utah 3,House,2014,Brian Wonnacott,Jason Chaffetz,"Zack Strong,Stephen Tryon,Ben Mates"
Utah 4,House,2014,Doug Owens,Mia Love,"Tim Aalders,Jim Vein,Collin Simonsen"
Vermont 1,House,2014,Peter Welch,Mark Donka,"Cris Ericson,Matthew Andrews,Jerry Trudell,Randall Meyer"
Virginia 1,House,2014,Norm Mosher,Rob Wittman,Gail Parker
Virginia 2,House,2014,Suzanne Patrick,Scott Rigell,
Virginia 3,House,2014,Bobby Scott,,
Virginia 4,House,2014,Elliott Fausz,Randy Forbes,Bo Brown
Virginia 5,House,2014,Lawrence Gaughan,Robert Hurt,"Paul Jones,Kenneth Hildebrandt"
Virginia 6,House,2014,,Bob Goodlatte,"William Hammer,Elaine Hildebrandt"
Virginia 7,House,2014,Jack Trammell,Dave Brat,James Carr
Virginia 8,House,2014,Don Beyer,Micah Edmond,"Gwendolyn Beck,Jeffrey Carson,Gerard Blais"
Virginia 9,House,2014,,Morgan Griffith,William Carr
Virginia 10,House,2014,John Foust,Barbara Comstock,"Bill Redpath,Brad Eickholt,Dianne Blais"
Virginia 11,House,2014,Gerry Connolly,Suzanne Scholte,"Marc Harrold,Joe Galdo"
Washington 1,House,2014,Suzan DelBene,Pedro Celis,
Washington 2,House,2014,Rick Larsen,B.J. Guillot,
Washington 3,House,2014,Bob Dingethal,Jaime Herrera Beutler,
Washington 4,House,2014,,"Dan Newhouse,Clint Didier",
Washington 5,House,2014,Joe Pakootas,Cathy McMorris Rodgers,
Washington 6,House,2014,Derek Kilmer,Marty McClendon,
Washington 7,House,2014,Jim McDermott,Craig Keller,
Washington 8,House,2014,Jason Ritchie,Dave Reichert,
Washington 9,House,2014,Adam Smith,Doug Basler,
Washington 10,House,2014,Denny Heck,Joyce McDonald,
West Virginia 1,House,2014,Glen Gainer,David McKinley,
West Virginia 2,House,2014,Nick Casey,Alex Mooney,"Davy Jones,Ed Rabel"
West Virginia 3,House,2014,Nick Rahall,Evan Jenkins,
Wisconsin 1,House,2014,Rob Zerban,Paul Ryan,
Wisconsin 2,House,2014,Mark Pocan,Peter Theron,
Wisconsin 3,House,2014,Ron Kind,Tony Kurtz,
Wisconsin 4,House,2014,Gwen Moore,Dan Sebring,Robert Raymond
Wisconsin 5,House,2014,Chris Rockwood,Jim Sensenbrenner,
Wisconsin 6,House,2014,Mark Harris,Glenn Grothman,Gus Fahrendorf
Wisconsin 7,House,2014,Kelly Westlund,Sean Duffy,Lawrence Dale
Wisconsin 8,House,2014,Ron Gruett,Reid Ribble,
Wyoming 1,House,2014,Richard Grayson,Cynthia Lummis,"Richard Brubaker,Daniel Cummings"
District of Columbia 1,House,2014,Eleanor Holmes Norton,Nelson Rimensnyder,"Tim Krepp,Natale,Stracuzzi"
United States,Presidential,2012,Barack Obama,Mitt Romney,"Gary Johnson,Jill Stein"
United States,Presidential,2016,Hillary Clinton,Donald Trump,"Gary Johnson,Jill Stein"
Arizona,Senate,2012,Rich Carmona,Jeff Flake,Marc Victor
California,Senate,2012,Dianne Feinstein,Elizabeth Emken,
Connecticut,Senate,2012,Chris Murphy,Linda McMahon,Paul Passarelli
Delaware,Senate,2012,Tom Carper,Kevin Wade,Alex Pires
Florida,Senate,2012,Bill Nelson,Connie Mack,Chris Borgia
Hawaii,Senate,2012,Mazie Hirono,Linda Lingle,
Indiana,Senate,2012,Joe Donnelly,Richard Mourdock,Andrew Horning
Maine,Senate,2012,Cynthia Dill,Charlie Summers,Angus King
Maryland,Senate,2012,Ben Cardin,Dan Bongino,Rob Sobhani
Massachusetts,Senate,2012,Elizabeth Warren,Scott Brown,
Michigan,Senate,2012,Debbie Stabenow,Pete Hoekstra,Scotty Boman
Minnesota,Senate,2012,Amy Klobuchar,Kurt Bills,Stephen Williams
Mississippi,Senate,2012,Albert Gore,Roger Wicker,Thomas Cramer
Missouri,Senate,2012,Claire McCaskill,Todd Akin,Jonathan Dine
Montana,Senate,2012,Jon Tester,Denny Rehberg,Dan Cox
Nebraska,Senate,2012,Bob Kerrey,Deb Fischer,
Nevada,Senate,2012,Shelley Berkley,Dean Heller,David VanderBeek
New Jersey,Senate,2012,Bob Menendez,Joe Kyrillos,Ken Kaplan
New Mexico,Senate,2012,Martin Heinrich,Heather Wilson,Jon Barrie
New York,Senate,2012,Kirsten Gillibrand,Wendy Long,Colia Clark
North Dakota,Senate,2012,Heidi Heitkamp,Rick Berg,
Ohio,Senate,2012,Sherrod Brown,Josh Mandel,Scott Rupert
Pennsylvania,Senate,2012,Bob Casey,Tom Smith,Rayburn Douglas Smith
Rhode Island,Senate,2012,Sheldon Whitehouse,Barry Hinckley,
Tennessee,Senate,2012,Mark Clayton,Bob Corker,Martin Pleasant
Texas,Senate,2012,Paul Sadler,Ted Cruz,John Jay Myers
Utah,Senate,2012,Scott Howell,Orrin Hatch,Shaun Lynn McCausland
Vermont,Senate,2012,,John MacGovern,Bernie Sanders
Virginia,Senate,2012,Tim Kaine,George Allen,
Washington,Senate,2012,Maria Cantwell,Michael Baumgartner,
West Virginia,Senate,2012,Joe Manchin,John Raese,Bob Henry Baber
Wisconsin,Senate,2012,Tammy Baldwin,Tommy Thompson,Joseph Kexel
Wyoming,Senate,2012,Tim Chesnut,John Barrasso,Joel Otto
Massachusetts,Senate,2012,Ed Markey,Gabriel Gomez,
New Jersey,Senate,2012,Cory Booker,Steve Lonegan,
Hawaii,Senate,2014,Brian Schatz,Campbell Cavasso,Michael Kokoski
Oklahoma,Senate,2014,Connie Johnson,James Lankford,Mark Beard
South Carolina,Senate,2014,Joyce Dickerson,Tim Scott,Jill Bossi
Alabama,Senate,2014,,Jeff Sessions,
Alaska,Senate,2014,Mark Begich,Dan Sullivan,Mark Fish
Arkansas,Senate,2014,Mark Pryor,Tom Cotton,Nathan LaFrance
Colorado,Senate,2014,Mark Udall,Cory Gardner,Gaylon Kent
Delaware,Senate,2014,Chris Coons,Kevin Wade,Andrew Groff
Georgia,Senate,2014,Michelle Nunn,David Perdue,Amanda Swafford
Idaho,Senate,2014,Nels Mitchell,Jim Risch,
Illinois,Senate,2014,Dick Durbin,Jim Oberweis,Sharon Hansen
Iowa,Senate,2014,Bruce Braley,Joni Ernst,Rick Stewart
Kansas,Senate,2014,,Pat Roberts,Greg Orman
Kentucky,Senate,2014,Alison Lundergan Grimes,Mitch McConnell,David Patterson
Louisiana,Senate,2014,Mary Landrieu,Bill Cassidy,
Maine,Senate,2014,Shenna Bellows,Susan Collins,
Massachusetts,Senate,2014,Ed Markey,Brian Herr,
Michigan,Senate,2014,Gary Peters,Terri Lynn Land,Jim Fulner
Minnesota,Senate,2014,Al Franken,Mike McFadden,
Mississippi,Senate,2014,Travis Childers,Thad Cochran,Shawn O'Hara
Montana,Senate,2014,Amanda Curtis,Steve Daines,Roger Roots
Nebraska,Senate,2014,Dave Domina,Ben Sasse,Jim Jenkins
New Hampshire,Senate,2014,Jeanne Shaheen,Scott Brown,
New Jersey,Senate,2014,Cory Booker,Jeff Bell,Joe Baratelli
New Mexico,Senate,2014,Tom Udall,Allen Weh,
North Carolina,Senate,2014,Kay Hagan,Thom Tillis,Sean Haugh
Oklahoma,Senate,2014,Matt Silverstein,Jim Inhofe,Joan Farr
Oregon,Senate,2014,Jeff Merkley,Monica Wehby,Mike Montchalin
Rhode Island,Senate,2014,Jack Reed,Mark Zaccaria,
South Carolina,Senate,2014,Brad Hutto,Lindsey Graham,Thomas Ravenel
South Dakota,Senate,2014,Rick Weiland,Mike Rounds,Larry Pressler
Tennessee,Senate,2014,Gordon Ball,Lamar Alexander,Joe Wilmoth
Texas,Senate,2014,David Alameel,John Cornyn,Rebecca Paddock
Virginia,Senate,2014,Mark Warner,Ed Gillespie,Robert Sarvis
West Virginia,Senate,2014,Natalie Tennant,Shelley Moore Capito,John Buckley
Wyoming,Senate,2014,Charlie Hardy,Mike Enzi,Curt Gottshall
